Faculty of Architecture and History of Art;Department of Architecture
Faculty of Architecture and History of Art;Department of History of Art
Faculty of Asian and Middle Eastern Studies;Department of East Asian Studies
Faculty of Asian and Middle Eastern Studies;Department of Middle Eastern Studies
Faculty of English;Department of Anglo-Saxon, Norse and Celtic
Faculty of Modern and Medieval Languages;Department of French
Faculty of Modern and Medieval Languages;Department of German & Dutch
Faculty of Modern and Medieval Languages;Department of Italian
Faculty of Modern and Medieval Languages;Department of Slavonic Studies
Faculty of Modern and Medieval Languages;Department of Spanish and Portuguese
Faculty of Modern and Medieval Languages;Department of Theoretical and Applied Linguistics
Faculty of Modern and Medieval Languages;Department of Modern Greek
Faculty of Modern and Medieval Languages;Department of Neo-Latin
Faculty of Human, Social and Political Science;Department of Archaeology
Faculty of Human, Social and Political Science;Department of Social Anthropology
Faculty of Human, Social and Political Science;Department of Politics and International Studies
Faculty of Human, Social and Political Science;Department of Sociology
Faculty of Veterinary Medicine;Department of Veterinary Medicine
Faculty of Biology;Department of Biochemistry
Faculty of Biology;Department of Centre for Family Research
Faculty of Biology;Department of Genetics
Faculty of Biology;Department of Pathology
Faculty of Biology;Department of Pharmacology
Faculty of Biology;Department of Physiology, Development and Neuroscience
Faculty of Biology;Department of Plant Sciences
Faculty of Biology;Department of Psychology
Faculty of Biology;Department of Zoology
Faculty of Earth Sciences & Geography;Department of Earth Sciences
Faculty of Earth Sciences & Geography;Department of Geography
Faculty of Mathematics;Department of Applied Mathematics and Theoretical Physics
Faculty of Mathematics;Department of Pure Mathematics and Mathematical Statistics
Faculty of Physics & Chemistry;Department of Astronomy
Faculty of Physics & Chemistry;Department of Chemistry
Faculty of Physics & Chemistry;Department of Materials Science and Metallurgy
Faculty of Physics & Chemistry;Department of Physics
Faculty of Engineering;Department of Energy, fluid mechanics, and turbomachinery
Faculty of Engineering;Department of Electrical engineering
Faculty of Engineering;Department of Mechanics, materials and design
Faculty of Engineering;Department of Civil engineering
Faculty of Engineering;Department of Manufacturing and management
Faculty of Engineering;Department of Information engineering